time,Temperature 1 (High),Temperature 2 (Low)
14:53:03,43.30754,3.83823
14:53:33,43.30675,3.85933
